PrdLevel,Date,Value,Cut,Short,Geography,Flag
I T C_BINGO TEDHE MEDHE,01-09-2017,2359.2738,All India,All India,All India,Training
I T C_BINGO TEDHE MEDHE,01-10-2017,2467.1014,All India,All India,All India,Training
I T C_BINGO TEDHE MEDHE,01-11-2017,2526.1702,All India,All India,All India,Training
I T C_BINGO TEDHE MEDHE,01-12-2017,2532.5429,All India,All India,All India,Training
I T C_BINGO TEDHE MEDHE,01-01-2018,2687.3224,All India,All India,All India,Training
I T C_BINGO TEDHE MEDHE,01-02-2018,2525.5522,All India,All India,All India,Training
I T C_BINGO TEDHE MEDHE,01-03-2018,2724.636,All India,All India,All India,Training
I T C_BINGO TEDHE MEDHE,01-04-2018,2750.3818,All India,All India,All India,Training
I T C_BINGO TEDHE MEDHE,01-05-2018,2902.737,All India,All India,All India,Training
I T C_BINGO TEDHE MEDHE,01-06-2018,2914.5412,All India,All India,All India,Training
I T C_BINGO TEDHE MEDHE,01-07-2018,2908.711,All India,All India,All India,Training
I T C_BINGO TEDHE MEDHE,01-08-2018,2878.7336,All India,All India,All India,Training
I T C_BINGO TEDHE MEDHE,01-09-2018,2789.24,All India,All India,All India,Training
I T C_BINGO TEDHE MEDHE,01-10-2018,2862.711979,All India,All India,All India,Forecasted
I T C_BINGO TEDHE MEDHE,01-11-2018,2864.496975,All India,All India,All India,Forecasted
I T C_BINGO TEDHE MEDHE,01-12-2018,2899.189116,All India,All India,All India,Forecasted
I T C_BINGO TEDHE MEDHE,01-09-2017,805.3462,Zone,East,East,Training
I T C_BINGO TEDHE MEDHE,01-10-2017,826.3955,Zone,East,East,Training
I T C_BINGO TEDHE MEDHE,01-11-2017,864.1881,Zone,East,East,Training
I T C_BINGO TEDHE MEDHE,01-12-2017,838.3823,Zone,East,East,Training
I T C_BINGO TEDHE MEDHE,01-01-2018,884.9045,Zone,East,East,Training
I T C_BINGO TEDHE MEDHE,01-02-2018,842.9219,Zone,East,East,Training
I T C_BINGO TEDHE MEDHE,01-03-2018,907.096,Zone,East,East,Training
I T C_BINGO TEDHE MEDHE,01-04-2018,900.2451,Zone,East,East,Training
I T C_BINGO TEDHE MEDHE,01-05-2018,943.1393,Zone,East,East,Training
I T C_BINGO TEDHE MEDHE,01-06-2018,941.0957,Zone,East,East,Training
I T C_BINGO TEDHE MEDHE,01-07-2018,920.1974,Zone,East,East,Training
I T C_BINGO TEDHE MEDHE,01-08-2018,908.5845,Zone,East,East,Training
I T C_BINGO TEDHE MEDHE,01-09-2018,877.0836,Zone,East,East,Training
I T C_BINGO TEDHE MEDHE,01-10-2018,908.5871613,Zone,East,East,Forecasted
I T C_BINGO TEDHE MEDHE,01-11-2018,907.6929351,Zone,East,East,Forecasted
I T C_BINGO TEDHE MEDHE,01-12-2018,921.3370741,Zone,East,East,Forecasted
I T C_BINGO TEDHE MEDHE,01-09-2017,1394.8829,Zone,North,North,Training
I T C_BINGO TEDHE MEDHE,01-10-2017,1464.1566,Zone,North,North,Training
I T C_BINGO TEDHE MEDHE,01-11-2017,1455.1823,Zone,North,North,Training
I T C_BINGO TEDHE MEDHE,01-12-2017,1463.267,Zone,North,North,Training
I T C_BINGO TEDHE MEDHE,01-01-2018,1541.3861,Zone,North,North,Training
I T C_BINGO TEDHE MEDHE,01-02-2018,1422.7878,Zone,North,North,Training
I T C_BINGO TEDHE MEDHE,01-03-2018,1540.2333,Zone,North,North,Training
I T C_BINGO TEDHE MEDHE,01-04-2018,1578.4538,Zone,North,North,Training
I T C_BINGO TEDHE MEDHE,01-05-2018,1671.4846,Zone,North,North,Training
I T C_BINGO TEDHE MEDHE,01-06-2018,1678.6095,Zone,North,North,Training
I T C_BINGO TEDHE MEDHE,01-07-2018,1682.0609,Zone,North,North,Training
I T C_BINGO TEDHE MEDHE,01-08-2018,1655.729,Zone,North,North,Training
I T C_BINGO TEDHE MEDHE,01-09-2018,1607.6231,Zone,North,North,Training
I T C_BINGO TEDHE MEDHE,01-10-2018,1647.226923,Zone,North,North,Forecasted
I T C_BINGO TEDHE MEDHE,01-11-2018,1646.786082,Zone,North,North,Forecasted
I T C_BINGO TEDHE MEDHE,01-12-2018,1664.493222,Zone,North,North,Forecasted
I T C_BINGO TEDHE MEDHE,01-09-2017,83.1481,Zone,South,South,Training
I T C_BINGO TEDHE MEDHE,01-10-2017,91.5821,Zone,South,South,Training
I T C_BINGO TEDHE MEDHE,01-11-2017,124.8864,Zone,South,South,Training
I T C_BINGO TEDHE MEDHE,01-12-2017,144.0581,Zone,South,South,Training
I T C_BINGO TEDHE MEDHE,01-01-2018,173.482,Zone,South,South,Training
I T C_BINGO TEDHE MEDHE,01-02-2018,163.8639,Zone,South,South,Training
I T C_BINGO TEDHE MEDHE,01-03-2018,171.6954,Zone,South,South,Training
I T C_BINGO TEDHE MEDHE,01-04-2018,167.7315,Zone,South,South,Training
I T C_BINGO TEDHE MEDHE,01-05-2018,172.1408,Zone,South,South,Training
I T C_BINGO TEDHE MEDHE,01-06-2018,174.5878,Zone,South,South,Training
I T C_BINGO TEDHE MEDHE,01-07-2018,178.972,Zone,South,South,Training
I T C_BINGO TEDHE MEDHE,01-08-2018,181.848,Zone,South,South,Training
I T C_BINGO TEDHE MEDHE,01-09-2018,176.2527,Zone,South,South,Training
I T C_BINGO TEDHE MEDHE,01-10-2018,178.4962733,Zone,South,South,Forecasted
I T C_BINGO TEDHE MEDHE,01-11-2018,181.1902359,Zone,South,South,Forecasted
I T C_BINGO TEDHE MEDHE,01-12-2018,184.1049975,Zone,South,South,Forecasted
I T C_BINGO TEDHE MEDHE,01-09-2017,75.8966,Zone,West,West,Training
I T C_BINGO TEDHE MEDHE,01-10-2017,84.9672,Zone,West,West,Training
I T C_BINGO TEDHE MEDHE,01-11-2017,81.9134,Zone,West,West,Training
I T C_BINGO TEDHE MEDHE,01-12-2017,86.8355,Zone,West,West,Training
I T C_BINGO TEDHE MEDHE,01-01-2018,87.5498,Zone,West,West,Training
I T C_BINGO TEDHE MEDHE,01-02-2018,95.9786,Zone,West,West,Training
I T C_BINGO TEDHE MEDHE,01-03-2018,105.6113,Zone,West,West,Training
I T C_BINGO TEDHE MEDHE,01-04-2018,103.9514,Zone,West,West,Training
I T C_BINGO TEDHE MEDHE,01-05-2018,115.9723,Zone,West,West,Training
I T C_BINGO TEDHE MEDHE,01-06-2018,120.2482,Zone,West,West,Training
I T C_BINGO TEDHE MEDHE,01-07-2018,127.4807,Zone,West,West,Training
I T C_BINGO TEDHE MEDHE,01-08-2018,132.5721,Zone,West,West,Training
I T C_BINGO TEDHE MEDHE,01-09-2018,128.2806,Zone,West,West,Training
I T C_BINGO TEDHE MEDHE,01-10-2018,128.4016215,Zone,West,West,Forecasted
I T C_BINGO TEDHE MEDHE,01-11-2018,128.8277215,Zone,West,West,Forecasted
I T C_BINGO TEDHE MEDHE,01-12-2018,129.2538215,Zone,West,West,Forecasted
I T C_BINGO TEDHE MEDHE,01-09-2017,5.6284,State,AP,Andhra Pradesh,Training
I T C_BINGO TEDHE MEDHE,01-10-2017,5.5994,State,AP,Andhra Pradesh,Training
I T C_BINGO TEDHE MEDHE,01-11-2017,9.5745,State,AP,Andhra Pradesh,Training
I T C_BINGO TEDHE MEDHE,01-12-2017,13.5949,State,AP,Andhra Pradesh,Training
I T C_BINGO TEDHE MEDHE,01-01-2018,19.5493,State,AP,Andhra Pradesh,Training
I T C_BINGO TEDHE MEDHE,01-02-2018,20.2104,State,AP,Andhra Pradesh,Training
I T C_BINGO TEDHE MEDHE,01-03-2018,22.0011,State,AP,Andhra Pradesh,Training
I T C_BINGO TEDHE MEDHE,01-04-2018,22.4231,State,AP,Andhra Pradesh,Training
I T C_BINGO TEDHE MEDHE,01-05-2018,22.953,State,AP,Andhra Pradesh,Training
I T C_BINGO TEDHE MEDHE,01-06-2018,20.1875,State,AP,Andhra Pradesh,Training
I T C_BINGO TEDHE MEDHE,01-07-2018,25.5796,State,AP,Andhra Pradesh,Training
I T C_BINGO TEDHE MEDHE,01-08-2018,24.7931,State,AP,Andhra Pradesh,Training
I T C_BINGO TEDHE MEDHE,01-09-2018,22.532,State,AP,Andhra Pradesh,Training
I T C_BINGO TEDHE MEDHE,01-10-2018,23.19470588,State,AP,Andhra Pradesh,Forecasted
I T C_BINGO TEDHE MEDHE,01-11-2018,23.85741176,State,AP,Andhra Pradesh,Forecasted
I T C_BINGO TEDHE MEDHE,01-12-2018,24.52011765,State,AP,Andhra Pradesh,Forecasted
I T C_BINGO TEDHE MEDHE,01-09-2017,169.9702,State,AS,Assam,Training
I T C_BINGO TEDHE MEDHE,01-10-2017,156.0663,State,AS,Assam,Training
I T C_BINGO TEDHE MEDHE,01-11-2017,167.4251,State,AS,Assam,Training
I T C_BINGO TEDHE MEDHE,01-12-2017,161.3561,State,AS,Assam,Training
I T C_BINGO TEDHE MEDHE,01-01-2018,173.6728,State,AS,Assam,Training
I T C_BINGO TEDHE MEDHE,01-02-2018,160.045,State,AS,Assam,Training
I T C_BINGO TEDHE MEDHE,01-03-2018,172.4561,State,AS,Assam,Training
I T C_BINGO TEDHE MEDHE,01-04-2018,151.1261,State,AS,Assam,Training
I T C_BINGO TEDHE MEDHE,01-05-2018,155.9841,State,AS,Assam,Training
I T C_BINGO TEDHE MEDHE,01-06-2018,161.283,State,AS,Assam,Training
I T C_BINGO TEDHE MEDHE,01-07-2018,161.952,State,AS,Assam,Training
I T C_BINGO TEDHE MEDHE,01-08-2018,157.2092,State,AS,Assam,Training
I T C_BINGO TEDHE MEDHE,01-09-2018,150.0819,State,AS,Assam,Training
I T C_BINGO TEDHE MEDHE,01-10-2018,154.1469957,State,AS,Assam,Forecasted
I T C_BINGO TEDHE MEDHE,01-11-2018,151.8284455,State,AS,Assam,Forecasted
I T C_BINGO TEDHE MEDHE,01-12-2018,153.1508437,State,AS,Assam,Forecasted
I T C_BINGO TEDHE MEDHE,01-09-2017,183.3683,State,BR,Bihar,Training
I T C_BINGO TEDHE MEDHE,01-10-2017,200.2068,State,BR,Bihar,Training
I T C_BINGO TEDHE MEDHE,01-11-2017,216.6412,State,BR,Bihar,Training
I T C_BINGO TEDHE MEDHE,01-12-2017,205.0216,State,BR,Bihar,Training
I T C_BINGO TEDHE MEDHE,01-01-2018,192.4819,State,BR,Bihar,Training
I T C_BINGO TEDHE MEDHE,01-02-2018,194.4565,State,BR,Bihar,Training
I T C_BINGO TEDHE MEDHE,01-03-2018,207.9515,State,BR,Bihar,Training
I T C_BINGO TEDHE MEDHE,01-04-2018,230.5033,State,BR,Bihar,Training
I T C_BINGO TEDHE MEDHE,01-05-2018,248.4072,State,BR,Bihar,Training
I T C_BINGO TEDHE MEDHE,01-06-2018,235.2126,State,BR,Bihar,Training
I T C_BINGO TEDHE MEDHE,01-07-2018,220.8652,State,BR,Bihar,Training
I T C_BINGO TEDHE MEDHE,01-08-2018,221.4024,State,BR,Bihar,Training
I T C_BINGO TEDHE MEDHE,01-09-2018,226.44,State,BR,Bihar,Training
I T C_BINGO TEDHE MEDHE,01-10-2018,226.44,State,BR,Bihar,Forecasted
I T C_BINGO TEDHE MEDHE,01-11-2018,226.44,State,BR,Bihar,Forecasted
I T C_BINGO TEDHE MEDHE,01-12-2018,226.44,State,BR,Bihar,Forecasted
I T C_BINGO TEDHE MEDHE,01-09-2017,7.5515,State,CG,Chhattisgarh,Training
I T C_BINGO TEDHE MEDHE,01-10-2017,8.2368,State,CG,Chhattisgarh,Training
I T C_BINGO TEDHE MEDHE,01-11-2017,8.1178,State,CG,Chhattisgarh,Training
I T C_BINGO TEDHE MEDHE,01-12-2017,10.1378,State,CG,Chhattisgarh,Training
I T C_BINGO TEDHE MEDHE,01-01-2018,11.5586,State,CG,Chhattisgarh,Training
I T C_BINGO TEDHE MEDHE,01-02-2018,10.6907,State,CG,Chhattisgarh,Training
I T C_BINGO TEDHE MEDHE,01-03-2018,12.6481,State,CG,Chhattisgarh,Training
I T C_BINGO TEDHE MEDHE,01-04-2018,12.1424,State,CG,Chhattisgarh,Training
I T C_BINGO TEDHE MEDHE,01-05-2018,13.0502,State,CG,Chhattisgarh,Training
I T C_BINGO TEDHE MEDHE,01-06-2018,14.3266,State,CG,Chhattisgarh,Training
I T C_BINGO TEDHE MEDHE,01-07-2018,17.4943,State,CG,Chhattisgarh,Training
I T C_BINGO TEDHE MEDHE,01-08-2018,17.3684,State,CG,Chhattisgarh,Training
I T C_BINGO TEDHE MEDHE,01-09-2018,18.5577,State,CG,Chhattisgarh,Training
I T C_BINGO TEDHE MEDHE,01-10-2018,18.9838,State,CG,Chhattisgarh,Forecasted
I T C_BINGO TEDHE MEDHE,01-11-2018,19.4099,State,CG,Chhattisgarh,Forecasted
I T C_BINGO TEDHE MEDHE,01-12-2018,19.836,State,CG,Chhattisgarh,Forecasted
I T C_BINGO TEDHE MEDHE,01-09-2017,146.0662,State,DL,Delhi,Training
I T C_BINGO TEDHE MEDHE,01-10-2017,173.7627,State,DL,Delhi,Training
I T C_BINGO TEDHE MEDHE,01-11-2017,180.5875,State,DL,Delhi,Training
I T C_BINGO TEDHE MEDHE,01-12-2017,176.2889,State,DL,Delhi,Training
I T C_BINGO TEDHE MEDHE,01-01-2018,190.1144,State,DL,Delhi,Training
I T C_BINGO TEDHE MEDHE,01-02-2018,181.66,State,DL,Delhi,Training
I T C_BINGO TEDHE MEDHE,01-03-2018,193.5283,State,DL,Delhi,Training
I T C_BINGO TEDHE MEDHE,01-04-2018,186.1839,State,DL,Delhi,Training
I T C_BINGO TEDHE MEDHE,01-05-2018,185.8811,State,DL,Delhi,Training
I T C_BINGO TEDHE MEDHE,01-06-2018,189.1798,State,DL,Delhi,Training
I T C_BINGO TEDHE MEDHE,01-07-2018,191.0832,State,DL,Delhi,Training
I T C_BINGO TEDHE MEDHE,01-08-2018,191.1938,State,DL,Delhi,Training
I T C_BINGO TEDHE MEDHE,01-09-2018,201.0389,State,DL,Delhi,Training
I T C_BINGO TEDHE MEDHE,01-10-2018,201.7259231,State,DL,Delhi,Forecasted
I T C_BINGO TEDHE MEDHE,01-11-2018,204.5944041,State,DL,Delhi,Forecasted
I T C_BINGO TEDHE MEDHE,01-12-2018,207.4628851,State,DL,Delhi,Forecasted
I T C_BINGO TEDHE MEDHE,01-09-2017,7.2655,State,GJ,Gujarat,Training
I T C_BINGO TEDHE MEDHE,01-10-2017,7.7569,State,GJ,Gujarat,Training
I T C_BINGO TEDHE MEDHE,01-11-2017,4.1697,State,GJ,Gujarat,Training
I T C_BINGO TEDHE MEDHE,01-12-2017,4.2519,State,GJ,Gujarat,Training
I T C_BINGO TEDHE MEDHE,01-01-2018,5.1656,State,GJ,Gujarat,Training
I T C_BINGO TEDHE MEDHE,01-02-2018,6.0779,State,GJ,Gujarat,Training
I T C_BINGO TEDHE MEDHE,01-03-2018,4.9212,State,GJ,Gujarat,Training
I T C_BINGO TEDHE MEDHE,01-04-2018,8.3178,State,GJ,Gujarat,Training
I T C_BINGO TEDHE MEDHE,01-05-2018,6.1498,State,GJ,Gujarat,Training
I T C_BINGO TEDHE MEDHE,01-06-2018,6.892,State,GJ,Gujarat,Training
I T C_BINGO TEDHE MEDHE,01-07-2018,9.1145,State,GJ,Gujarat,Training
I T C_BINGO TEDHE MEDHE,01-08-2018,8.6385,State,GJ,Gujarat,Training
I T C_BINGO TEDHE MEDHE,01-09-2018,9.1411,State,GJ,Gujarat,Training
I T C_BINGO TEDHE MEDHE,01-10-2018,8.836021544,State,GJ,Gujarat,Forecasted
I T C_BINGO TEDHE MEDHE,01-11-2018,8.836021544,State,GJ,Gujarat,Forecasted
I T C_BINGO TEDHE MEDHE,01-12-2018,8.836021544,State,GJ,Gujarat,Forecasted
I T C_BINGO TEDHE MEDHE,01-09-2017,75.7139,State,HP,Himachal Pradesh,Training
I T C_BINGO TEDHE MEDHE,01-10-2017,76.8332,State,HP,Himachal Pradesh,Training
I T C_BINGO TEDHE MEDHE,01-11-2017,77.792,State,HP,Himachal Pradesh,Training
I T C_BINGO TEDHE MEDHE,01-12-2017,80.5373,State,HP,Himachal Pradesh,Training
I T C_BINGO TEDHE MEDHE,01-01-2018,85.9019,State,HP,Himachal Pradesh,Training
I T C_BINGO TEDHE MEDHE,01-02-2018,76.2091,State,HP,Himachal Pradesh,Training
I T C_BINGO TEDHE MEDHE,01-03-2018,91.0922,State,HP,Himachal Pradesh,Training
I T C_BINGO TEDHE MEDHE,01-04-2018,88.7393,State,HP,Himachal Pradesh,Training
I T C_BINGO TEDHE MEDHE,01-05-2018,95.3814,State,HP,Himachal Pradesh,Training
I T C_BINGO TEDHE MEDHE,01-06-2018,99.3834,State,HP,Himachal Pradesh,Training
I T C_BINGO TEDHE MEDHE,01-07-2018,100.1929,State,HP,Himachal Pradesh,Training
I T C_BINGO TEDHE MEDHE,01-08-2018,101.995,State,HP,Himachal Pradesh,Training
I T C_BINGO TEDHE MEDHE,01-09-2018,91.0974,State,HP,Himachal Pradesh,Training
I T C_BINGO TEDHE MEDHE,01-10-2018,99.54993083,State,HP,Himachal Pradesh,Forecasted
I T C_BINGO TEDHE MEDHE,01-11-2018,96.38203278,State,HP,Himachal Pradesh,Forecasted
I T C_BINGO TEDHE MEDHE,01-12-2018,100.1926078,State,HP,Himachal Pradesh,Forecasted
I T C_BINGO TEDHE MEDHE,01-09-2017,96.977,State,HR,Haryana,Training
I T C_BINGO TEDHE MEDHE,01-10-2017,97.3207,State,HR,Haryana,Training
I T C_BINGO TEDHE MEDHE,01-11-2017,96.8077,State,HR,Haryana,Training
I T C_BINGO TEDHE MEDHE,01-12-2017,100.6571,State,HR,Haryana,Training
I T C_BINGO TEDHE MEDHE,01-01-2018,103.4488,State,HR,Haryana,Training
I T C_BINGO TEDHE MEDHE,01-02-2018,103.7961,State,HR,Haryana,Training
I T C_BINGO TEDHE MEDHE,01-03-2018,112.9569,State,HR,Haryana,Training
I T C_BINGO TEDHE MEDHE,01-04-2018,123.432,State,HR,Haryana,Training
I T C_BINGO TEDHE MEDHE,01-05-2018,132.2555,State,HR,Haryana,Training
I T C_BINGO TEDHE MEDHE,01-06-2018,126.0357,State,HR,Haryana,Training
I T C_BINGO TEDHE MEDHE,01-07-2018,122.4309,State,HR,Haryana,Training
I T C_BINGO TEDHE MEDHE,01-08-2018,117.7989,State,HR,Haryana,Training
I T C_BINGO TEDHE MEDHE,01-09-2018,104.1028,State,HR,Haryana,Training
I T C_BINGO TEDHE MEDHE,01-10-2018,104.1028,State,HR,Haryana,Forecasted
I T C_BINGO TEDHE MEDHE,01-11-2018,104.1028,State,HR,Haryana,Forecasted
I T C_BINGO TEDHE MEDHE,01-12-2018,104.1028,State,HR,Haryana,Forecasted
I T C_BINGO TEDHE MEDHE,01-09-2017,60.2288,State,JH,Jharkhand,Training
I T C_BINGO TEDHE MEDHE,01-10-2017,67.3284,State,JH,Jharkhand,Training
I T C_BINGO TEDHE MEDHE,01-11-2017,61.6822,State,JH,Jharkhand,Training
I T C_BINGO TEDHE MEDHE,01-12-2017,66.8536,State,JH,Jharkhand,Training
I T C_BINGO TEDHE MEDHE,01-01-2018,72.2411,State,JH,Jharkhand,Training
I T C_BINGO TEDHE MEDHE,01-02-2018,57.8862,State,JH,Jharkhand,Training
I T C_BINGO TEDHE MEDHE,01-03-2018,71.9181,State,JH,Jharkhand,Training
I T C_BINGO TEDHE MEDHE,01-04-2018,71.8499,State,JH,Jharkhand,Training
I T C_BINGO TEDHE MEDHE,01-05-2018,79.7468,State,JH,Jharkhand,Training
I T C_BINGO TEDHE MEDHE,01-06-2018,74.3066,State,JH,Jharkhand,Training
I T C_BINGO TEDHE MEDHE,01-07-2018,76.9763,State,JH,Jharkhand,Training
I T C_BINGO TEDHE MEDHE,01-08-2018,72.8369,State,JH,Jharkhand,Training
I T C_BINGO TEDHE MEDHE,01-09-2018,71.0134,State,JH,Jharkhand,Training
I T C_BINGO TEDHE MEDHE,01-10-2018,75.95314445,State,JH,Jharkhand,Forecasted
I T C_BINGO TEDHE MEDHE,01-11-2018,75.9189636,State,JH,Jharkhand,Forecasted
I T C_BINGO TEDHE MEDHE,01-12-2018,77.12416383,State,JH,Jharkhand,Forecasted
I T C_BINGO TEDHE MEDHE,01-09-2017,30.916,State,KA,Karnataka,Training
I T C_BINGO TEDHE MEDHE,01-10-2017,33.1494,State,KA,Karnataka,Training
I T C_BINGO TEDHE MEDHE,01-11-2017,40.9273,State,KA,Karnataka,Training
I T C_BINGO TEDHE MEDHE,01-12-2017,42.3322,State,KA,Karnataka,Training
I T C_BINGO TEDHE MEDHE,01-01-2018,51.5778,State,KA,Karnataka,Training
I T C_BINGO TEDHE MEDHE,01-02-2018,46.5996,State,KA,Karnataka,Training
I T C_BINGO TEDHE MEDHE,01-03-2018,48.0975,State,KA,Karnataka,Training
I T C_BINGO TEDHE MEDHE,01-04-2018,49.3988,State,KA,Karnataka,Training
I T C_BINGO TEDHE MEDHE,01-05-2018,54.5649,State,KA,Karnataka,Training
I T C_BINGO TEDHE MEDHE,01-06-2018,59.9256,State,KA,Karnataka,Training
I T C_BINGO TEDHE MEDHE,01-07-2018,57.7753,State,KA,Karnataka,Training
I T C_BINGO TEDHE MEDHE,01-08-2018,59.124,State,KA,Karnataka,Training
I T C_BINGO TEDHE MEDHE,01-09-2018,55.8842,State,KA,Karnataka,Training
I T C_BINGO TEDHE MEDHE,01-10-2018,57.51325588,State,KA,Karnataka,Forecasted
I T C_BINGO TEDHE MEDHE,01-11-2018,59.14231176,State,KA,Karnataka,Forecasted
I T C_BINGO TEDHE MEDHE,01-12-2018,60.77136765,State,KA,Karnataka,Forecasted
I T C_BINGO TEDHE MEDHE,01-09-2017,5.6444,State,KL,Kerala,Training
I T C_BINGO TEDHE MEDHE,01-10-2017,7.1541,State,KL,Kerala,Training
I T C_BINGO TEDHE MEDHE,01-11-2017,10.7354,State,KL,Kerala,Training
I T C_BINGO TEDHE MEDHE,01-12-2017,14.0678,State,KL,Kerala,Training
I T C_BINGO TEDHE MEDHE,01-01-2018,15.3841,State,KL,Kerala,Training
I T C_BINGO TEDHE MEDHE,01-02-2018,14.304,State,KL,Kerala,Training
I T C_BINGO TEDHE MEDHE,01-03-2018,14.254,State,KL,Kerala,Training
I T C_BINGO TEDHE MEDHE,01-04-2018,13.0471,State,KL,Kerala,Training
I T C_BINGO TEDHE MEDHE,01-05-2018,13.5946,State,KL,Kerala,Training
I T C_BINGO TEDHE MEDHE,01-06-2018,11.3669,State,KL,Kerala,Training
I T C_BINGO TEDHE MEDHE,01-07-2018,11.1546,State,KL,Kerala,Training
I T C_BINGO TEDHE MEDHE,01-08-2018,10.1822,State,KL,Kerala,Training
I T C_BINGO TEDHE MEDHE,01-09-2018,9.8787,State,KL,Kerala,Training
I T C_BINGO TEDHE MEDHE,01-10-2018,9.723990945,State,KL,Kerala,Forecasted
I T C_BINGO TEDHE MEDHE,01-11-2018,9.64512804,State,KL,Kerala,Forecasted
I T C_BINGO TEDHE MEDHE,01-12-2018,9.604927693,State,KL,Kerala,Forecasted
I T C_BINGO TEDHE MEDHE,01-09-2017,61.0796,State,MH,Maharashtra,Training
I T C_BINGO TEDHE MEDHE,01-10-2017,68.9735,State,MH,Maharashtra,Training
I T C_BINGO TEDHE MEDHE,01-11-2017,69.6259,State,MH,Maharashtra,Training
I T C_BINGO TEDHE MEDHE,01-12-2017,72.4458,State,MH,Maharashtra,Training
I T C_BINGO TEDHE MEDHE,01-01-2018,70.8256,State,MH,Maharashtra,Training
I T C_BINGO TEDHE MEDHE,01-02-2018,79.21,State,MH,Maharashtra,Training
I T C_BINGO TEDHE MEDHE,01-03-2018,88.042,State,MH,Maharashtra,Training
I T C_BINGO TEDHE MEDHE,01-04-2018,83.4912,State,MH,Maharashtra,Training
I T C_BINGO TEDHE MEDHE,01-05-2018,96.7723,State,MH,Maharashtra,Training
I T C_BINGO TEDHE MEDHE,01-06-2018,99.0296,State,MH,Maharashtra,Training
I T C_BINGO TEDHE MEDHE,01-07-2018,100.8719,State,MH,Maharashtra,Training
I T C_BINGO TEDHE MEDHE,01-08-2018,106.5652,State,MH,Maharashtra,Training
I T C_BINGO TEDHE MEDHE,01-09-2018,100.5818,State,MH,Maharashtra,Training
I T C_BINGO TEDHE MEDHE,01-10-2018,100.5818,State,MH,Maharashtra,Forecasted
I T C_BINGO TEDHE MEDHE,01-11-2018,100.5818,State,MH,Maharashtra,Forecasted
I T C_BINGO TEDHE MEDHE,01-12-2018,100.5818,State,MH,Maharashtra,Forecasted
I T C_BINGO TEDHE MEDHE,01-09-2017,33.0535,State,MP,Madhya Pradesh,Training
I T C_BINGO TEDHE MEDHE,01-10-2017,30.1909,State,MP,Madhya Pradesh,Training
I T C_BINGO TEDHE MEDHE,01-11-2017,36.7559,State,MP,Madhya Pradesh,Training
I T C_BINGO TEDHE MEDHE,01-12-2017,33.8218,State,MP,Madhya Pradesh,Training
I T C_BINGO TEDHE MEDHE,01-01-2018,40.192,State,MP,Madhya Pradesh,Training
I T C_BINGO TEDHE MEDHE,01-02-2018,26.7084,State,MP,Madhya Pradesh,Training
I T C_BINGO TEDHE MEDHE,01-03-2018,35.2951,State,MP,Madhya Pradesh,Training
I T C_BINGO TEDHE MEDHE,01-04-2018,40.1094,State,MP,Madhya Pradesh,Training
I T C_BINGO TEDHE MEDHE,01-05-2018,39.7635,State,MP,Madhya Pradesh,Training
I T C_BINGO TEDHE MEDHE,01-06-2018,42.0432,State,MP,Madhya Pradesh,Training
I T C_BINGO TEDHE MEDHE,01-07-2018,47.0799,State,MP,Madhya Pradesh,Training
I T C_BINGO TEDHE MEDHE,01-08-2018,47.4911,State,MP,Madhya Pradesh,Training
I T C_BINGO TEDHE MEDHE,01-09-2018,46.7732,State,MP,Madhya Pradesh,Training
I T C_BINGO TEDHE MEDHE,01-10-2018,47.18787691,State,MP,Madhya Pradesh,Forecasted
I T C_BINGO TEDHE MEDHE,01-11-2018,47.83543857,State,MP,Madhya Pradesh,Forecasted
I T C_BINGO TEDHE MEDHE,01-12-2018,48.48300022,State,MP,Madhya Pradesh,Forecasted
I T C_BINGO TEDHE MEDHE,01-09-2017,167.3618,State,OR,Orissa,Training
I T C_BINGO TEDHE MEDHE,01-10-2017,175.1539,State,OR,Orissa,Training
I T C_BINGO TEDHE MEDHE,01-11-2017,179.6736,State,OR,Orissa,Training
I T C_BINGO TEDHE MEDHE,01-12-2017,184.8321,State,OR,Orissa,Training
I T C_BINGO TEDHE MEDHE,01-01-2018,202.6687,State,OR,Orissa,Training
I T C_BINGO TEDHE MEDHE,01-02-2018,184.1343,State,OR,Orissa,Training
I T C_BINGO TEDHE MEDHE,01-03-2018,216.3514,State,OR,Orissa,Training
I T C_BINGO TEDHE MEDHE,01-04-2018,203.5305,State,OR,Orissa,Training
I T C_BINGO TEDHE MEDHE,01-05-2018,203.5661,State,OR,Orissa,Training
I T C_BINGO TEDHE MEDHE,01-06-2018,209.643,State,OR,Orissa,Training
I T C_BINGO TEDHE MEDHE,01-07-2018,205.9491,State,OR,Orissa,Training
I T C_BINGO TEDHE MEDHE,01-08-2018,199.9082,State,OR,Orissa,Training
I T C_BINGO TEDHE MEDHE,01-09-2018,170.9846,State,OR,Orissa,Training
I T C_BINGO TEDHE MEDHE,01-10-2018,187.8975152,State,OR,Orissa,Forecasted
I T C_BINGO TEDHE MEDHE,01-11-2018,183.7702143,State,OR,Orissa,Forecasted
I T C_BINGO TEDHE MEDHE,01-12-2018,189.300949,State,OR,Orissa,Forecasted
I T C_BINGO TEDHE MEDHE,01-09-2017,165.1713,State,PB,Punjab,Training
I T C_BINGO TEDHE MEDHE,01-10-2017,167.3957,State,PB,Punjab,Training
I T C_BINGO TEDHE MEDHE,01-11-2017,164.347,State,PB,Punjab,Training
I T C_BINGO TEDHE MEDHE,01-12-2017,176.8534,State,PB,Punjab,Training
I T C_BINGO TEDHE MEDHE,01-01-2018,175.7859,State,PB,Punjab,Training
I T C_BINGO TEDHE MEDHE,01-02-2018,168.6042,State,PB,Punjab,Training
I T C_BINGO TEDHE MEDHE,01-03-2018,180.5282,State,PB,Punjab,Training
I T C_BINGO TEDHE MEDHE,01-04-2018,181.3863,State,PB,Punjab,Training
I T C_BINGO TEDHE MEDHE,01-05-2018,195.4335,State,PB,Punjab,Training
I T C_BINGO TEDHE MEDHE,01-06-2018,192.0234,State,PB,Punjab,Training
I T C_BINGO TEDHE MEDHE,01-07-2018,194.4041,State,PB,Punjab,Training
I T C_BINGO TEDHE MEDHE,01-08-2018,191.2588,State,PB,Punjab,Training
I T C_BINGO TEDHE MEDHE,01-09-2018,182.0797,State,PB,Punjab,Training
I T C_BINGO TEDHE MEDHE,01-10-2018,186.8233284,State,PB,Punjab,Forecasted
I T C_BINGO TEDHE MEDHE,01-11-2018,184.3718887,State,PB,Punjab,Forecasted
I T C_BINGO TEDHE MEDHE,01-12-2018,185.6387579,State,PB,Punjab,Forecasted
I T C_BINGO TEDHE MEDHE,01-09-2017,151.1962,State,RJ,Rajasthan,Training
I T C_BINGO TEDHE MEDHE,01-10-2017,153.1485,State,RJ,Rajasthan,Training
I T C_BINGO TEDHE MEDHE,01-11-2017,154.4846,State,RJ,Rajasthan,Training
I T C_BINGO TEDHE MEDHE,01-12-2017,160.7553,State,RJ,Rajasthan,Training
I T C_BINGO TEDHE MEDHE,01-01-2018,162.1382,State,RJ,Rajasthan,Training
I T C_BINGO TEDHE MEDHE,01-02-2018,147.9581,State,RJ,Rajasthan,Training
I T C_BINGO TEDHE MEDHE,01-03-2018,159.8576,State,RJ,Rajasthan,Training
I T C_BINGO TEDHE MEDHE,01-04-2018,162.697,State,RJ,Rajasthan,Training
I T C_BINGO TEDHE MEDHE,01-05-2018,161.4367,State,RJ,Rajasthan,Training
I T C_BINGO TEDHE MEDHE,01-06-2018,175.6092,State,RJ,Rajasthan,Training
I T C_BINGO TEDHE MEDHE,01-07-2018,196.3528,State,RJ,Rajasthan,Training
I T C_BINGO TEDHE MEDHE,01-08-2018,175.7086,State,RJ,Rajasthan,Training
I T C_BINGO TEDHE MEDHE,01-09-2018,200.6874,State,RJ,Rajasthan,Training
I T C_BINGO TEDHE MEDHE,01-10-2018,192.3338767,State,RJ,Rajasthan,Forecasted
I T C_BINGO TEDHE MEDHE,01-11-2018,199.6723293,State,RJ,Rajasthan,Forecasted
I T C_BINGO TEDHE MEDHE,01-12-2018,199.6234148,State,RJ,Rajasthan,Forecasted
I T C_BINGO TEDHE MEDHE,01-09-2017,28.7197,State,TN,Tamil Nadu,Training
I T C_BINGO TEDHE MEDHE,01-10-2017,32.8169,State,TN,Tamil Nadu,Training
I T C_BINGO TEDHE MEDHE,01-11-2017,45.7081,State,TN,Tamil Nadu,Training
I T C_BINGO TEDHE MEDHE,01-12-2017,57.2341,State,TN,Tamil Nadu,Training
I T C_BINGO TEDHE MEDHE,01-01-2018,63.6615,State,TN,Tamil Nadu,Training
I T C_BINGO TEDHE MEDHE,01-02-2018,57.3526,State,TN,Tamil Nadu,Training
I T C_BINGO TEDHE MEDHE,01-03-2018,61.7117,State,TN,Tamil Nadu,Training
I T C_BINGO TEDHE MEDHE,01-04-2018,58.9942,State,TN,Tamil Nadu,Training
I T C_BINGO TEDHE MEDHE,01-05-2018,58.7273,State,TN,Tamil Nadu,Training
I T C_BINGO TEDHE MEDHE,01-06-2018,56.1959,State,TN,Tamil Nadu,Training
I T C_BINGO TEDHE MEDHE,01-07-2018,59.9547,State,TN,Tamil Nadu,Training
I T C_BINGO TEDHE MEDHE,01-08-2018,61.0462,State,TN,Tamil Nadu,Training
I T C_BINGO TEDHE MEDHE,01-09-2018,59.5469,State,TN,Tamil Nadu,Training
I T C_BINGO TEDHE MEDHE,01-10-2018,58.81780587,State,TN,Tamil Nadu,Forecasted
I T C_BINGO TEDHE MEDHE,01-11-2018,58.46325492,State,TN,Tamil Nadu,Forecasted
I T C_BINGO TEDHE MEDHE,01-12-2018,58.29084044,State,TN,Tamil Nadu,Forecasted
I T C_BINGO TEDHE MEDHE,01-09-2017,12.2396,State,TS,Telangana,Training
I T C_BINGO TEDHE MEDHE,01-10-2017,12.8623,State,TS,Telangana,Training
I T C_BINGO TEDHE MEDHE,01-11-2017,17.9411,State,TS,Telangana,Training
I T C_BINGO TEDHE MEDHE,01-12-2017,16.8291,State,TS,Telangana,Training
I T C_BINGO TEDHE MEDHE,01-01-2018,23.3093,State,TS,Telangana,Training
I T C_BINGO TEDHE MEDHE,01-02-2018,25.3973,State,TS,Telangana,Training
I T C_BINGO TEDHE MEDHE,01-03-2018,25.6311,State,TS,Telangana,Training
I T C_BINGO TEDHE MEDHE,01-04-2018,23.8683,State,TS,Telangana,Training
I T C_BINGO TEDHE MEDHE,01-05-2018,22.301,State,TS,Telangana,Training
I T C_BINGO TEDHE MEDHE,01-06-2018,26.9119,State,TS,Telangana,Training
I T C_BINGO TEDHE MEDHE,01-07-2018,24.5078,State,TS,Telangana,Training
I T C_BINGO TEDHE MEDHE,01-08-2018,26.7025,State,TS,Telangana,Training
I T C_BINGO TEDHE MEDHE,01-09-2018,28.4109,State,TS,Telangana,Training
I T C_BINGO TEDHE MEDHE,01-10-2018,29.24651471,State,TS,Telangana,Forecasted
I T C_BINGO TEDHE MEDHE,01-11-2018,30.08212941,State,TS,Telangana,Forecasted
I T C_BINGO TEDHE MEDHE,01-12-2018,30.91774412,State,TS,Telangana,Forecasted
I T C_BINGO TEDHE MEDHE,01-09-2017,72.9551,State,UK,Uttarakhand,Training
I T C_BINGO TEDHE MEDHE,01-10-2017,76.7074,State,UK,Uttarakhand,Training
I T C_BINGO TEDHE MEDHE,01-11-2017,76.0909,State,UK,Uttarakhand,Training
I T C_BINGO TEDHE MEDHE,01-12-2017,74.338,State,UK,Uttarakhand,Training
I T C_BINGO TEDHE MEDHE,01-01-2018,72.381,State,UK,Uttarakhand,Training
I T C_BINGO TEDHE MEDHE,01-02-2018,69.9659,State,UK,Uttarakhand,Training
I T C_BINGO TEDHE MEDHE,01-03-2018,82.3345,State,UK,Uttarakhand,Training
I T C_BINGO TEDHE MEDHE,01-04-2018,76.9293,State,UK,Uttarakhand,Training
I T C_BINGO TEDHE MEDHE,01-05-2018,86.1973,State,UK,Uttarakhand,Training
I T C_BINGO TEDHE MEDHE,01-06-2018,84.3711,State,UK,Uttarakhand,Training
I T C_BINGO TEDHE MEDHE,01-07-2018,86.0149,State,UK,Uttarakhand,Training
I T C_BINGO TEDHE MEDHE,01-08-2018,83.2546,State,UK,Uttarakhand,Training
I T C_BINGO TEDHE MEDHE,01-09-2018,79.4828,State,UK,Uttarakhand,Training
I T C_BINGO TEDHE MEDHE,01-10-2018,83.82238696,State,UK,Uttarakhand,Forecasted
I T C_BINGO TEDHE MEDHE,01-11-2018,83.20588696,State,UK,Uttarakhand,Forecasted
I T C_BINGO TEDHE MEDHE,01-12-2018,81.45298696,State,UK,Uttarakhand,Forecasted
I T C_BINGO TEDHE MEDHE,01-09-2017,653.7497,State,UP,Uttar Pradesh,Training
I T C_BINGO TEDHE MEDHE,01-10-2017,688.7975,State,UP,Uttar Pradesh,Training
I T C_BINGO TEDHE MEDHE,01-11-2017,668.3167,State,UP,Uttar Pradesh,Training
I T C_BINGO TEDHE MEDHE,01-12-2017,660.0152,State,UP,Uttar Pradesh,Training
I T C_BINGO TEDHE MEDHE,01-01-2018,711.4239,State,UP,Uttar Pradesh,Training
I T C_BINGO TEDHE MEDHE,01-02-2018,647.886,State,UP,Uttar Pradesh,Training
I T C_BINGO TEDHE MEDHE,01-03-2018,684.6405,State,UP,Uttar Pradesh,Training
I T C_BINGO TEDHE MEDHE,01-04-2018,718.9766,State,UP,Uttar Pradesh,Training
I T C_BINGO TEDHE MEDHE,01-05-2018,775.1356,State,UP,Uttar Pradesh,Training
I T C_BINGO TEDHE MEDHE,01-06-2018,769.9637,State,UP,Uttar Pradesh,Training
I T C_BINGO TEDHE MEDHE,01-07-2018,744.5022,State,UP,Uttar Pradesh,Training
I T C_BINGO TEDHE MEDHE,01-08-2018,747.0282,State,UP,Uttar Pradesh,Training
I T C_BINGO TEDHE MEDHE,01-09-2018,702.3609,State,UP,Uttar Pradesh,Training
I T C_BINGO TEDHE MEDHE,01-10-2018,731.6808001,State,UP,Uttar Pradesh,Forecasted
I T C_BINGO TEDHE MEDHE,01-11-2018,726.6213016,State,UP,Uttar Pradesh,Forecasted
I T C_BINGO TEDHE MEDHE,01-12-2018,737.5367697,State,UP,Uttar Pradesh,Forecasted
I T C_BINGO TEDHE MEDHE,01-09-2017,224.4171,State,WB,West Bengal,Training
I T C_BINGO TEDHE MEDHE,01-10-2017,227.6401,State,WB,West Bengal,Training
I T C_BINGO TEDHE MEDHE,01-11-2017,238.766,State,WB,West Bengal,Training
I T C_BINGO TEDHE MEDHE,01-12-2017,220.3189,State,WB,West Bengal,Training
I T C_BINGO TEDHE MEDHE,01-01-2018,243.84,State,WB,West Bengal,Training
I T C_BINGO TEDHE MEDHE,01-02-2018,246.3999,State,WB,West Bengal,Training
I T C_BINGO TEDHE MEDHE,01-03-2018,238.4189,State,WB,West Bengal,Training
I T C_BINGO TEDHE MEDHE,01-04-2018,243.2353,State,WB,West Bengal,Training
I T C_BINGO TEDHE MEDHE,01-05-2018,255.4351,State,WB,West Bengal,Training
I T C_BINGO TEDHE MEDHE,01-06-2018,260.6505,State,WB,West Bengal,Training
I T C_BINGO TEDHE MEDHE,01-07-2018,254.4548,State,WB,West Bengal,Training
I T C_BINGO TEDHE MEDHE,01-08-2018,257.2278,State,WB,West Bengal,Training
I T C_BINGO TEDHE MEDHE,01-09-2018,258.5637,State,WB,West Bengal,Training
I T C_BINGO TEDHE MEDHE,01-10-2018,264.1495059,State,WB,West Bengal,Forecasted
I T C_BINGO TEDHE MEDHE,01-11-2018,269.7353118,State,WB,West Bengal,Forecasted
I T C_BINGO TEDHE MEDHE,01-12-2018,275.3211176,State,WB,West Bengal,Forecasted
